[
    {
        "model": "admin.logentry",
        "pk": 1,
        "fields": {
            "action_time": "2023-09-18T10:22:53.730Z",
            "user": 1,
            "content_type": 7,
            "object_id": "1",
            "object_repr": "CSE115 Assignment",
            "action_flag": 1,
            "change_message": "[{\"added\": {}}, {\"added\": {\"name\": \"photo\", \"object\": \"photos/c.png\"}}, {\"added\": {\"name\": \"photo\", \"object\": \"photos/dev.png\"}}]"
        }
    },
    {
        "model": "admin.logentry",
        "pk": 2,
        "fields": {
            "action_time": "2023-09-18T10:45:53.071Z",
            "user": 1,
            "content_type": 7,
            "object_id": "1",
            "object_repr": "CSE115 Assignment",
            "action_flag": 2,
            "change_message": "[{\"changed\": {\"fields\": [\"Due date\"]}}]"
        }
    },
    {
        "model": "admin.logentry",
        "pk": 3,
        "fields": {
            "action_time": "2023-09-18T10:56:37.126Z",
            "user": 1,
            "content_type": 8,
            "object_id": "3",
            "object_repr": "photos/c.png",
            "action_flag": 1,
            "change_message": "[{\"added\": {}}]"
        }
    },
    {
        "model": "admin.logentry",
        "pk": 4,
        "fields": {
            "action_time": "2023-09-18T11:10:43.081Z",
            "user": 1,
            "content_type": 8,
            "object_id": "4",
            "object_repr": "photos/python.png",
            "action_flag": 1,
            "change_message": "[{\"added\": {}}]"
        }
    },
    {
        "model": "admin.logentry",
        "pk": 5,
        "fields": {
            "action_time": "2023-09-18T22:32:47.489Z",
            "user": 1,
            "content_type": 4,
            "object_id": "2",
            "object_repr": "Rahim",
            "action_flag": 1,
            "change_message": "[{\"added\": {}}]"
        }
    },
    {
        "model": "admin.logentry",
        "pk": 6,
        "fields": {
            "action_time": "2023-09-18T22:34:17.240Z",
            "user": 1,
            "content_type": 4,
            "object_id": "3",
            "object_repr": "Karim",
            "action_flag": 1,
            "change_message": "[{\"added\": {}}]"
        }
    },
    {
        "model": "admin.logentry",
        "pk": 7,
        "fields": {
            "action_time": "2023-09-18T22:34:57.798Z",
            "user": 1,
            "content_type": 4,
            "object_id": "4",
            "object_repr": "Sohel",
            "action_flag": 1,
            "change_message": "[{\"added\": {}}]"
        }
    },
    {
        "model": "admin.logentry",
        "pk": 8,
        "fields": {
            "action_time": "2023-09-19T05:52:30.827Z",
            "user": 1,
            "content_type": 8,
            "object_id": "6",
            "object_repr": "photos/algo.png",
            "action_flag": 1,
            "change_message": "[{\"added\": {}}]"
        }
    },
    {
        "model": "admin.logentry",
        "pk": 9,
        "fields": {
            "action_time": "2023-09-19T05:53:31.746Z",
            "user": 1,
            "content_type": 8,
            "object_id": "7",
            "object_repr": "photos/field.jpg",
            "action_flag": 1,
            "change_message": "[{\"added\": {}}]"
        }
    },
    {
        "model": "admin.logentry",
        "pk": 10,
        "fields": {
            "action_time": "2023-09-19T05:54:09.134Z",
            "user": 1,
            "content_type": 7,
            "object_id": "4",
            "object_repr": "Data Structure Exam",
            "action_flag": 2,
            "change_message": "[{\"changed\": {\"fields\": [\"Title\"]}}]"
        }
    },
    {
        "model": "admin.logentry",
        "pk": 11,
        "fields": {
            "action_time": "2023-09-19T05:59:00.105Z",
            "user": 1,
            "content_type": 7,
            "object_id": "6",
            "object_repr": "C Project",
            "action_flag": 1,
            "change_message": "[{\"added\": {}}, {\"added\": {\"name\": \"photo\", \"object\": \"photos/c_Ll19OSq.png\"}}, {\"added\": {\"name\": \"photo\", \"object\": \"photos/dsa.png\"}}]"
        }
    },
    {
        "model": "admin.logentry",
        "pk": 12,
        "fields": {
            "action_time": "2023-09-19T06:05:42.384Z",
            "user": 1,
            "content_type": 7,
            "object_id": "7",
            "object_repr": "Complete UI Design",
            "action_flag": 1,
            "change_message": "[{\"added\": {}}, {\"added\": {\"name\": \"photo\", \"object\": \"photos/algo_h7dOaHI.png\"}}, {\"added\": {\"name\": \"photo\", \"object\": \"photos/pro_RlFZy5e.png\"}}]"
        }
    },
    {
        "model": "admin.logentry",
        "pk": 13,
        "fields": {
            "action_time": "2023-09-19T06:07:41.742Z",
            "user": 1,
            "content_type": 7,
            "object_id": "8",
            "object_repr": "React Assignment",
            "action_flag": 1,
            "change_message": "[{\"added\": {}}, {\"added\": {\"name\": \"photo\", \"object\": \"photos/flower.jpg\"}}, {\"added\": {\"name\": \"photo\", \"object\": \"photos/field_BDZwhkK.jpg\"}}]"
        }
    },
    {
        "model": "admin.logentry",
        "pk": 14,
        "fields": {
            "action_time": "2023-09-19T06:18:01.109Z",
            "user": 1,
            "content_type": 7,
            "object_id": "5",
            "object_repr": "OOP Quiz",
            "action_flag": 2,
            "change_message": "[{\"deleted\": {\"name\": \"photo\", \"object\": \"sleep1.jpg\"}}]"
        }
    },
    {
        "model": "admin.logentry",
        "pk": 15,
        "fields": {
            "action_time": "2023-09-19T06:18:35.938Z",
            "user": 1,
            "content_type": 7,
            "object_id": "5",
            "object_repr": "OOP Quiz",
            "action_flag": 2,
            "change_message": "[{\"added\": {\"name\": \"photo\", \"object\": \"photos/sleep1_sMUQHEi.jpg\"}}]"
        }
    },
    {
        "model": "admin.logentry",
        "pk": 16,
        "fields": {
            "action_time": "2023-09-19T06:28:11.439Z",
            "user": 1,
            "content_type": 7,
            "object_id": "9",
            "object_repr": "Software Engineering Project",
            "action_flag": 1,
            "change_message": "[{\"added\": {}}, {\"added\": {\"name\": \"photo\", \"object\": \"photos/python_PQnnEny.png\"}}, {\"added\": {\"name\": \"photo\", \"object\": \"photos/algo_5euKCDk.png\"}}]"
        }
    },
    {
        "model": "admin.logentry",
        "pk": 17,
        "fields": {
            "action_time": "2023-09-19T06:30:43.230Z",
            "user": 1,
            "content_type": 7,
            "object_id": "10",
            "object_repr": "Cpp Midterm",
            "action_flag": 1,
            "change_message": "[{\"added\": {}}, {\"added\": {\"name\": \"photo\", \"object\": \"photos/pro_LwkyWlY.png\"}}]"
        }
    },
    {
        "model": "admin.logentry",
        "pk": 18,
        "fields": {
            "action_time": "2023-09-19T06:33:50.650Z",
            "user": 1,
            "content_type": 7,
            "object_id": "11",
            "object_repr": "History Assignment",
            "action_flag": 1,
            "change_message": "[{\"added\": {}}, {\"added\": {\"name\": \"photo\", \"object\": \"photos/problem.png\"}}, {\"added\": {\"name\": \"photo\", \"object\": \"photos/algo_wuBCIHp.png\"}}]"
        }
    },
    {
        "model": "admin.logentry",
        "pk": 19,
        "fields": {
            "action_time": "2023-09-19T06:35:31.562Z",
            "user": 1,
            "content_type": 7,
            "object_id": "12",
            "object_repr": "Web Project",
            "action_flag": 1,
            "change_message": "[{\"added\": {}}, {\"added\": {\"name\": \"photo\", \"object\": \"photos/dsa_CSbojET.png\"}}, {\"added\": {\"name\": \"photo\", \"object\": \"photos/c_LLSwf5K.png\"}}]"
        }
    },
    {
        "model": "admin.logentry",
        "pk": 20,
        "fields": {
            "action_time": "2023-09-19T06:37:56.599Z",
            "user": 1,
            "content_type": 7,
            "object_id": "13",
            "object_repr": "Database Quiz 3",
            "action_flag": 1,
            "change_message": "[{\"added\": {}}, {\"added\": {\"name\": \"photo\", \"object\": \"photos/pro_CAiK9RN.png\"}}, {\"added\": {\"name\": \"photo\", \"object\": \"photos/c_2uA4KiY.png\"}}]"
        }
    },
    {
        "model": "admin.logentry",
        "pk": 21,
        "fields": {
            "action_time": "2023-09-19T06:40:33.499Z",
            "user": 1,
            "content_type": 7,
            "object_id": "14",
            "object_repr": "Django Asignment",
            "action_flag": 1,
            "change_message": "[{\"added\": {}}, {\"added\": {\"name\": \"photo\", \"object\": \"photos/pro_Lu3Sdld.png\"}}]"
        }
    },
    {
        "model": "admin.logentry",
        "pk": 22,
        "fields": {
            "action_time": "2023-09-19T06:42:53.253Z",
            "user": 1,
            "content_type": 7,
            "object_id": "15",
            "object_repr": "Project Management Assignment",
            "action_flag": 1,
            "change_message": "[{\"added\": {}}, {\"added\": {\"name\": \"photo\", \"object\": \"photos/python_mtyrcfe.png\"}}, {\"added\": {\"name\": \"photo\", \"object\": \"photos/algo_YjXSltz.png\"}}]"
        }
    },
    {
        "model": "admin.logentry",
        "pk": 23,
        "fields": {
            "action_time": "2023-09-19T07:20:27.377Z",
            "user": 1,
            "content_type": 7,
            "object_id": "16",
            "object_repr": "AI Assignment",
            "action_flag": 1,
            "change_message": "[{\"added\": {}}, {\"added\": {\"name\": \"photo\", \"object\": \"photos/pro_BgyKKD3.png\"}}, {\"added\": {\"name\": \"photo\", \"object\": \"photos/algo_lULUbMQ.png\"}}]"
        }
    },
    {
        "model": "admin.logentry",
        "pk": 24,
        "fields": {
            "action_time": "2023-09-19T11:36:56.678Z",
            "user": 1,
            "content_type": 7,
            "object_id": "17",
            "object_repr": "Biology Exam",
            "action_flag": 1,
            "change_message": "[{\"added\": {}}, {\"added\": {\"name\": \"photo\", \"object\": \"photos/dsa_MIJjtsh.png\"}}, {\"added\": {\"name\": \"photo\", \"object\": \"photos/pro_lMPJlqj.png\"}}]"
        }
    },
    {
        "model": "admin.logentry",
        "pk": 25,
        "fields": {
            "action_time": "2023-09-19T11:38:43.383Z",
            "user": 1,
            "content_type": 7,
            "object_id": "18",
            "object_repr": "Complete React Testing",
            "action_flag": 1,
            "change_message": "[{\"added\": {}}, {\"added\": {\"name\": \"photo\", \"object\": \"photos/algo_yBWZPsP.png\"}}, {\"added\": {\"name\": \"photo\", \"object\": \"photos/c_nvU1RwX.png\"}}]"
        }
    },
    {
        "model": "admin.logentry",
        "pk": 26,
        "fields": {
            "action_time": "2023-09-19T11:40:56.776Z",
            "user": 1,
            "content_type": 7,
            "object_id": "19",
            "object_repr": "Software Engineering Assignment",
            "action_flag": 1,
            "change_message": "[{\"added\": {}}, {\"added\": {\"name\": \"photo\", \"object\": \"photos/pro_kvT89uI.png\"}}, {\"added\": {\"name\": \"photo\", \"object\": \"photos/dsa_3Akoqg2.png\"}}, {\"added\": {\"name\": \"photo\", \"object\": \"photos/algo_VZzSLE0.png\"}}]"
        }
    },
    {
        "model": "auth.permission",
        "pk": 1,
        "fields": {
            "name": "Can add log entry",
            "content_type": 1,
            "codename": "add_logentry"
        }
    },
    {
        "model": "auth.permission",
        "pk": 2,
        "fields": {
            "name": "Can change log entry",
            "content_type": 1,
            "codename": "change_logentry"
        }
    },
    {
        "model": "auth.permission",
        "pk": 3,
        "fields": {
            "name": "Can delete log entry",
            "content_type": 1,
            "codename": "delete_logentry"
        }
    },
    {
        "model": "auth.permission",
        "pk": 4,
        "fields": {
            "name": "Can view log entry",
            "content_type": 1,
            "codename": "view_logentry"
        }
    },
    {
        "model": "auth.permission",
        "pk": 5,
        "fields": {
            "name": "Can add permission",
            "content_type": 2,
            "codename": "add_permission"
        }
    },
    {
        "model": "auth.permission",
        "pk": 6,
        "fields": {
            "name": "Can change permission",
            "content_type": 2,
            "codename": "change_permission"
        }
    },
    {
        "model": "auth.permission",
        "pk": 7,
        "fields": {
            "name": "Can delete permission",
            "content_type": 2,
            "codename": "delete_permission"
        }
    },
    {
        "model": "auth.permission",
        "pk": 8,
        "fields": {
            "name": "Can view permission",
            "content_type": 2,
            "codename": "view_permission"
        }
    },
    {
        "model": "auth.permission",
        "pk": 9,
        "fields": {
            "name": "Can add group",
            "content_type": 3,
            "codename": "add_group"
        }
    },
    {
        "model": "auth.permission",
        "pk": 10,
        "fields": {
            "name": "Can change group",
            "content_type": 3,
            "codename": "change_group"
        }
    },
    {
        "model": "auth.permission",
        "pk": 11,
        "fields": {
            "name": "Can delete group",
            "content_type": 3,
            "codename": "delete_group"
        }
    },
    {
        "model": "auth.permission",
        "pk": 12,
        "fields": {
            "name": "Can view group",
            "content_type": 3,
            "codename": "view_group"
        }
    },
    {
        "model": "auth.permission",
        "pk": 13,
        "fields": {
            "name": "Can add user",
            "content_type": 4,
            "codename": "add_user"
        }
    },
    {
        "model": "auth.permission",
        "pk": 14,
        "fields": {
            "name": "Can change user",
            "content_type": 4,
            "codename": "change_user"
        }
    },
    {
        "model": "auth.permission",
        "pk": 15,
        "fields": {
            "name": "Can delete user",
            "content_type": 4,
            "codename": "delete_user"
        }
    },
    {
        "model": "auth.permission",
        "pk": 16,
        "fields": {
            "name": "Can view user",
            "content_type": 4,
            "codename": "view_user"
        }
    },
    {
        "model": "auth.permission",
        "pk": 17,
        "fields": {
            "name": "Can add content type",
            "content_type": 5,
            "codename": "add_contenttype"
        }
    },
    {
        "model": "auth.permission",
        "pk": 18,
        "fields": {
            "name": "Can change content type",
            "content_type": 5,
            "codename": "change_contenttype"
        }
    },
    {
        "model": "auth.permission",
        "pk": 19,
        "fields": {
            "name": "Can delete content type",
            "content_type": 5,
            "codename": "delete_contenttype"
        }
    },
    {
        "model": "auth.permission",
        "pk": 20,
        "fields": {
            "name": "Can view content type",
            "content_type": 5,
            "codename": "view_contenttype"
        }
    },
    {
        "model": "auth.permission",
        "pk": 21,
        "fields": {
            "name": "Can add session",
            "content_type": 6,
            "codename": "add_session"
        }
    },
    {
        "model": "auth.permission",
        "pk": 22,
        "fields": {
            "name": "Can change session",
            "content_type": 6,
            "codename": "change_session"
        }
    },
    {
        "model": "auth.permission",
        "pk": 23,
        "fields": {
            "name": "Can delete session",
            "content_type": 6,
            "codename": "delete_session"
        }
    },
    {
        "model": "auth.permission",
        "pk": 24,
        "fields": {
            "name": "Can view session",
            "content_type": 6,
            "codename": "view_session"
        }
    },
    {
        "model": "auth.permission",
        "pk": 25,
        "fields": {
            "name": "Can add task",
            "content_type": 7,
            "codename": "add_task"
        }
    },
    {
        "model": "auth.permission",
        "pk": 26,
        "fields": {
            "name": "Can change task",
            "content_type": 7,
            "codename": "change_task"
        }
    },
    {
        "model": "auth.permission",
        "pk": 27,
        "fields": {
            "name": "Can delete task",
            "content_type": 7,
            "codename": "delete_task"
        }
    },
    {
        "model": "auth.permission",
        "pk": 28,
        "fields": {
            "name": "Can view task",
            "content_type": 7,
            "codename": "view_task"
        }
    },
    {
        "model": "auth.permission",
        "pk": 29,
        "fields": {
            "name": "Can add photo",
            "content_type": 8,
            "codename": "add_photo"
        }
    },
    {
        "model": "auth.permission",
        "pk": 30,
        "fields": {
            "name": "Can change photo",
            "content_type": 8,
            "codename": "change_photo"
        }
    },
    {
        "model": "auth.permission",
        "pk": 31,
        "fields": {
            "name": "Can delete photo",
            "content_type": 8,
            "codename": "delete_photo"
        }
    },
    {
        "model": "auth.permission",
        "pk": 32,
        "fields": {
            "name": "Can view photo",
            "content_type": 8,
            "codename": "view_photo"
        }
    },
    {
        "model": "auth.user",
        "pk": 1,
        "fields": {
            "password": "pbkdf2_sha256$600000$h76pE63EPyMkXvZhdtADlx$K+j0cCbW92NNISvKs/tLje86WfRLO7MUXbv/niXD5i0=",
            "last_login": "2023-09-19T10:31:50.645Z",
            "is_superuser": true,
            "username": "mrdehan",
            "first_name": "",
            "last_name": "",
            "email": "mrdehan@gmail.com",
            "is_staff": true,
            "is_active": true,
            "date_joined": "2023-09-18T06:39:44.905Z",
            "groups": [],
            "user_permissions": []
        }
    },
    {
        "model": "auth.user",
        "pk": 2,
        "fields": {
            "password": "pbkdf2_sha256$600000$xoz1TAirMxqoNXSHZ5CS4v$sA9CJkGvnQAmCllsnnTjsJDvs5wR24s3PaW9b3eoD6Q=",
            "last_login": null,
            "is_superuser": false,
            "username": "Rahim",
            "first_name": "",
            "last_name": "",
            "email": "",
            "is_staff": false,
            "is_active": true,
            "date_joined": "2023-09-18T22:32:47.357Z",
            "groups": [],
            "user_permissions": []
        }
    },
    {
        "model": "auth.user",
        "pk": 3,
        "fields": {
            "password": "pbkdf2_sha256$600000$pWhuEi9ua76DzXoREl8RNi$Tvy5jDHVG9dkcUfX0q2DZ1BI/jTGPPqj+I1kDsL5yeY=",
            "last_login": null,
            "is_superuser": false,
            "username": "Karim",
            "first_name": "",
            "last_name": "",
            "email": "",
            "is_staff": false,
            "is_active": true,
            "date_joined": "2023-09-18T22:34:17.108Z",
            "groups": [],
            "user_permissions": []
        }
    },
    {
        "model": "auth.user",
        "pk": 4,
        "fields": {
            "password": "pbkdf2_sha256$600000$BElBJFJi7EqYfwyBk5702a$rcP/wyv2Zfv6bN1QgdkwuKC2eDhM6p5jb7On7ZpnkD4=",
            "last_login": null,
            "is_superuser": false,
            "username": "Sohel",
            "first_name": "",
            "last_name": "",
            "email": "",
            "is_staff": false,
            "is_active": true,
            "date_joined": "2023-09-18T22:34:57.666Z",
            "groups": [],
            "user_permissions": []
        }
    },
    {
        "model": "auth.user",
        "pk": 5,
        "fields": {
            "password": "pbkdf2_sha256$600000$3r653ZYP1XKzdi3NGiHP9i$OCXEaFPZBPxFM8FRgvInDDnmhWmcOOfVViX2kMwlHEY=",
            "last_login": null,
            "is_superuser": true,
            "username": "admin",
            "first_name": "",
            "last_name": "",
            "email": "admin@gmail.com",
            "is_staff": true,
            "is_active": true,
            "date_joined": "2023-09-19T11:33:35.995Z",
            "groups": [],
            "user_permissions": []
        }
    },
    {
        "model": "contenttypes.contenttype",
        "pk": 1,
        "fields": { "app_label": "admin", "model": "logentry" }
    },
    {
        "model": "contenttypes.contenttype",
        "pk": 2,
        "fields": { "app_label": "auth", "model": "permission" }
    },
    {
        "model": "contenttypes.contenttype",
        "pk": 3,
        "fields": { "app_label": "auth", "model": "group" }
    },
    {
        "model": "contenttypes.contenttype",
        "pk": 4,
        "fields": { "app_label": "auth", "model": "user" }
    },
    {
        "model": "contenttypes.contenttype",
        "pk": 5,
        "fields": { "app_label": "contenttypes", "model": "contenttype" }
    },
    {
        "model": "contenttypes.contenttype",
        "pk": 6,
        "fields": { "app_label": "sessions", "model": "session" }
    },
    {
        "model": "contenttypes.contenttype",
        "pk": 7,
        "fields": { "app_label": "tasks", "model": "task" }
    },
    {
        "model": "contenttypes.contenttype",
        "pk": 8,
        "fields": { "app_label": "tasks", "model": "photo" }
    },
    {
        "model": "sessions.session",
        "pk": "qphtbonpwr2qxrtq4p5htmuk4xab0n2x",
        "fields": {
            "session_data": ".eJxVjEEOgjAQRe_StWls6zCDS_ecoZlpB4saSCisjHcXEha6_e-9_zaR16XEteoch2yuxpnT7yacnjruID94vE82TeMyD2J3xR602m7K-rod7t9B4Vq2OrTYZiLxXluk3nlhCYiOzkjQY9DUAIIDRsfi9LKJkjRRQ-CBIZjPF8RxNyU:1qiY1G:EoatpXcIfMjHrV7kse8CB581fu9zme2eBh9RQjZVtDQ",
            "expire_date": "2023-10-03T10:31:50.647Z"
        }
    },
    {
        "model": "tasks.task",
        "pk": 1,
        "fields": {
            "title": "CSE225 Assignment",
            "description": "Lab Task for Chapter-1",
            "creation_date": "2023-09-18T10:22:53.728Z",
            "due_date": "2023-09-18T18:00:00Z",
            "priority": "High",
            "is_complete": true,
            "user": 1
        }
    },
    {
        "model": "tasks.task",
        "pk": 3,
        "fields": {
            "title": "Database Quiz",
            "description": "Quiz-2",
            "creation_date": "2023-09-18T22:44:10.660Z",
            "due_date": "2023-09-20T04:45:00Z",
            "priority": "Low",
            "is_complete": true,
            "user": 1
        }
    },
    {
        "model": "tasks.task",
        "pk": 4,
        "fields": {
            "title": "Data Structure Exam",
            "description": "1st Chapter",
            "creation_date": "2023-09-18T23:26:22.286Z",
            "due_date": "2023-09-21T05:26:00Z",
            "priority": "Medium",
            "is_complete": false,
            "user": 1
        }
    },
    {
        "model": "tasks.task",
        "pk": 5,
        "fields": {
            "title": "OOP Quiz",
            "description": "Object Oriented Programming",
            "creation_date": "2023-09-18T23:50:01.937Z",
            "due_date": "2023-09-19T09:49:00Z",
            "priority": "Medium",
            "is_complete": true,
            "user": 2
        }
    },
    {
        "model": "tasks.task",
        "pk": 6,
        "fields": {
            "title": "C Project",
            "description": "Terminal Project using CPP",
            "creation_date": "2023-09-19T05:59:00.104Z",
            "due_date": "2023-09-23T05:56:38Z",
            "priority": "Low",
            "is_complete": false,
            "user": 3
        }
    },
    {
        "model": "tasks.task",
        "pk": 7,
        "fields": {
            "title": "Complete UI Design",
            "description": "UI Design of Project",
            "creation_date": "2023-09-19T06:05:42.381Z",
            "due_date": "2023-09-29T18:00:00Z",
            "priority": "High",
            "is_complete": false,
            "user": 2
        }
    },
    {
        "model": "tasks.task",
        "pk": 8,
        "fields": {
            "title": "React Assignment",
            "description": "Complete React Assignment",
            "creation_date": "2023-09-19T06:07:41.739Z",
            "due_date": "2023-09-28T12:00:00Z",
            "priority": "Low",
            "is_complete": true,
            "user": 2
        }
    },
    {
        "model": "tasks.task",
        "pk": 9,
        "fields": {
            "title": "Software Engineering Project",
            "description": "Software Engineering Project Complete",
            "creation_date": "2023-09-19T06:28:11.437Z",
            "due_date": "2023-10-19T00:00:00Z",
            "priority": "Medium",
            "is_complete": false,
            "user": 3
        }
    },
    {
        "model": "tasks.task",
        "pk": 10,
        "fields": {
            "title": "Cpp Midterm",
            "description": "Cpp Midterm",
            "creation_date": "2023-09-19T06:30:43.229Z",
            "due_date": "2023-10-17T06:00:00Z",
            "priority": "Low",
            "is_complete": true,
            "user": 2
        }
    },
    {
        "model": "tasks.task",
        "pk": 11,
        "fields": {
            "title": "History Assignment",
            "description": "History Assignment",
            "creation_date": "2023-09-19T06:33:50.649Z",
            "due_date": "2023-09-29T10:17:27Z",
            "priority": "High",
            "is_complete": false,
            "user": 4
        }
    },
    {
        "model": "tasks.task",
        "pk": 12,
        "fields": {
            "title": "Web Project",
            "description": "Web Project Regarding Tasks",
            "creation_date": "2023-09-19T06:35:31.560Z",
            "due_date": "2023-10-31T12:00:00Z",
            "priority": "High",
            "is_complete": true,
            "user": 2
        }
    },
    {
        "model": "tasks.task",
        "pk": 13,
        "fields": {
            "title": "Database Quiz 3",
            "description": "Database Quiz 3",
            "creation_date": "2023-09-19T06:37:56.598Z",
            "due_date": "2023-10-28T06:00:00Z",
            "priority": "Medium",
            "is_complete": false,
            "user": 3
        }
    },
    {
        "model": "tasks.task",
        "pk": 14,
        "fields": {
            "title": "Django Asignment",
            "description": "Django Asignment",
            "creation_date": "2023-09-19T06:40:33.498Z",
            "due_date": "2023-09-30T06:00:00Z",
            "priority": "Medium",
            "is_complete": true,
            "user": 4
        }
    },
    {
        "model": "tasks.task",
        "pk": 15,
        "fields": {
            "title": "Project Management Assignment",
            "description": "Project Management",
            "creation_date": "2023-09-19T06:42:53.251Z",
            "due_date": "2023-09-29T06:00:00Z",
            "priority": "Medium",
            "is_complete": false,
            "user": 4
        }
    },
    {
        "model": "tasks.task",
        "pk": 16,
        "fields": {
            "title": "AI Assignment",
            "description": "AI Assignment",
            "creation_date": "2023-09-19T07:20:27.375Z",
            "due_date": "2023-09-21T00:00:00Z",
            "priority": "High",
            "is_complete": true,
            "user": 4
        }
    },
    {
        "model": "tasks.task",
        "pk": 17,
        "fields": {
            "title": "Biology Exam",
            "description": "Biology Exam",
            "creation_date": "2023-09-19T11:36:56.675Z",
            "due_date": "2023-09-23T06:00:00Z",
            "priority": "Medium",
            "is_complete": false,
            "user": 5
        }
    },
    {
        "model": "tasks.task",
        "pk": 18,
        "fields": {
            "title": "Complete React Testing",
            "description": "Complete React Testing",
            "creation_date": "2023-09-19T11:38:43.382Z",
            "due_date": "2023-10-25T12:00:00Z",
            "priority": "Medium",
            "is_complete": true,
            "user": 5
        }
    },
    {
        "model": "tasks.task",
        "pk": 19,
        "fields": {
            "title": "Software Engineering Assignment",
            "description": "Software Engineering Assignment",
            "creation_date": "2023-09-19T11:40:56.774Z",
            "due_date": "2023-09-21T06:00:00Z",
            "priority": "High",
            "is_complete": false,
            "user": 5
        }
    },
    {
        "model": "tasks.photo",
        "pk": 3,
        "fields": { "task": 1, "image": "photos/c.png" }
    },
    {
        "model": "tasks.photo",
        "pk": 4,
        "fields": { "task": 1, "image": "photos/python.png" }
    },
    {
        "model": "tasks.photo",
        "pk": 6,
        "fields": { "task": 4, "image": "photos/algo.png" }
    },
    {
        "model": "tasks.photo",
        "pk": 7,
        "fields": { "task": 4, "image": "photos/field.jpg" }
    },
    {
        "model": "tasks.photo",
        "pk": 8,
        "fields": { "task": 6, "image": "photos/c_Ll19OSq.png" }
    },
    {
        "model": "tasks.photo",
        "pk": 9,
        "fields": { "task": 6, "image": "photos/dsa.png" }
    },
    {
        "model": "tasks.photo",
        "pk": 10,
        "fields": { "task": 7, "image": "photos/algo_h7dOaHI.png" }
    },
    {
        "model": "tasks.photo",
        "pk": 11,
        "fields": { "task": 7, "image": "photos/pro_RlFZy5e.png" }
    },
    {
        "model": "tasks.photo",
        "pk": 12,
        "fields": { "task": 8, "image": "photos/flower.jpg" }
    },
    {
        "model": "tasks.photo",
        "pk": 13,
        "fields": { "task": 8, "image": "photos/field_BDZwhkK.jpg" }
    },
    {
        "model": "tasks.photo",
        "pk": 17,
        "fields": { "task": 5, "image": "photos/pro_uvmwgTp.png" }
    },
    {
        "model": "tasks.photo",
        "pk": 18,
        "fields": { "task": 9, "image": "photos/python_PQnnEny.png" }
    },
    {
        "model": "tasks.photo",
        "pk": 19,
        "fields": { "task": 9, "image": "photos/algo_5euKCDk.png" }
    },
    {
        "model": "tasks.photo",
        "pk": 20,
        "fields": { "task": 10, "image": "photos/pro_LwkyWlY.png" }
    },
    {
        "model": "tasks.photo",
        "pk": 21,
        "fields": { "task": 11, "image": "photos/problem.png" }
    },
    {
        "model": "tasks.photo",
        "pk": 22,
        "fields": { "task": 11, "image": "photos/algo_wuBCIHp.png" }
    },
    {
        "model": "tasks.photo",
        "pk": 23,
        "fields": { "task": 12, "image": "photos/dsa_CSbojET.png" }
    },
    {
        "model": "tasks.photo",
        "pk": 24,
        "fields": { "task": 12, "image": "photos/c_LLSwf5K.png" }
    },
    {
        "model": "tasks.photo",
        "pk": 25,
        "fields": { "task": 13, "image": "photos/pro_CAiK9RN.png" }
    },
    {
        "model": "tasks.photo",
        "pk": 26,
        "fields": { "task": 13, "image": "photos/c_2uA4KiY.png" }
    },
    {
        "model": "tasks.photo",
        "pk": 27,
        "fields": { "task": 14, "image": "photos/pro_Lu3Sdld.png" }
    },
    {
        "model": "tasks.photo",
        "pk": 28,
        "fields": { "task": 15, "image": "photos/python_mtyrcfe.png" }
    },
    {
        "model": "tasks.photo",
        "pk": 29,
        "fields": { "task": 15, "image": "photos/algo_YjXSltz.png" }
    },
    {
        "model": "tasks.photo",
        "pk": 30,
        "fields": { "task": 16, "image": "photos/pro_BgyKKD3.png" }
    },
    {
        "model": "tasks.photo",
        "pk": 31,
        "fields": { "task": 16, "image": "photos/algo_lULUbMQ.png" }
    },
    {
        "model": "tasks.photo",
        "pk": 32,
        "fields": { "task": 17, "image": "photos/dsa_MIJjtsh.png" }
    },
    {
        "model": "tasks.photo",
        "pk": 33,
        "fields": { "task": 17, "image": "photos/pro_lMPJlqj.png" }
    },
    {
        "model": "tasks.photo",
        "pk": 34,
        "fields": { "task": 18, "image": "photos/algo_yBWZPsP.png" }
    },
    {
        "model": "tasks.photo",
        "pk": 35,
        "fields": { "task": 18, "image": "photos/c_nvU1RwX.png" }
    },
    {
        "model": "tasks.photo",
        "pk": 36,
        "fields": { "task": 19, "image": "photos/pro_kvT89uI.png" }
    },
    {
        "model": "tasks.photo",
        "pk": 37,
        "fields": { "task": 19, "image": "photos/dsa_3Akoqg2.png" }
    },
    {
        "model": "tasks.photo",
        "pk": 38,
        "fields": { "task": 19, "image": "photos/algo_VZzSLE0.png" }
    }
]
